{"tracked_ids": [1, 2], "id_timestamps": {"1": 1731626174.8498657, "2": 1731626174.8498657}}