{"tracked_ids": [1, 2, 6], "id_timestamps": {"1": 1731631329.4104054, "2": 1731632404.367201, "6": 1731632541.5911725}}